ALTER TABLE ai_fix_suggestions
    ADD COLUMN IF NOT EXISTS issue_id UUID;

DO $$
BEGIN
    IF NOT EXISTS (
        SELECT 1
        FROM information_schema.table_constraints
        WHERE constraint_name = 'fk_ai_fix_suggestions_issue'
          AND table_name = 'ai_fix_suggestions'
    ) THEN
        ALTER TABLE ai_fix_suggestions
            ADD CONSTRAINT fk_ai_fix_suggestions_issue
                FOREIGN KEY (issue_id) REFERENCES issues(id) ON DELETE SET NULL;
    END IF;
END $$;

CREATE INDEX IF NOT EXISTS idx_ai_fix_issue ON ai_fix_suggestions(issue_id);

INSERT INTO users (
    id, username, email, password_hash, initials, provider, created_at, updated_at
) VALUES (
    '550e8400-e29b-41d4-a716-446655440000',
    'demo_user',
    'demo@swarm.local',
    NULL,
    'DM',
    'system',
    '2026-04-30T09:00:00+09:00',
    '2026-04-30T09:00:00+09:00'
) ON CONFLICT (id) DO NOTHING;

INSERT INTO simulations (
    id, user_id, title, target_url, persona_count, status, started_at, completed_at, created_at
) VALUES (
    '11111111-1111-1111-1111-111111111111',
    '550e8400-e29b-41d4-a716-446655440000',
    'A-Mall 로그인 플로우 접근성 시뮬레이션',
    'https://demo.a-mall.com',
    1000,
    'completed',
    '2026-04-30T09:05:00+09:00',
    '2026-04-30T09:15:00+09:00',
    '2026-04-30T09:00:00+09:00'
) ON CONFLICT (id) DO NOTHING;

INSERT INTO simulation_settings (
    simulation_id, age_ratio_teen, age_ratio_fifty, age_ratio_eighty,
    digital_literacy, vision_impairment, attention_level, persona_device, success_condition
) VALUES (
    '11111111-1111-1111-1111-111111111111',
    25, 35, 40,
    'medium', 20, 70, 'desktop', '로그인 후 마이페이지 진입'
) ON CONFLICT (simulation_id) DO NOTHING;

INSERT INTO simulation_pages (
    id, simulation_id, page_key, page_name, screenshot_path, viewport_width, viewport_height, page_order
) VALUES
(
    '20000000-0000-0000-0000-000000000001',
    '11111111-1111-1111-1111-111111111111',
    'landing',
    '랜딩 페이지',
    '',
    1440,
    900,
    1
),
(
    '20000000-0000-0000-0000-000000000002',
    '11111111-1111-1111-1111-111111111111',
    'login',
    '로그인 페이지',
    '',
    1440,
    900,
    2
),
(
    '20000000-0000-0000-0000-000000000003',
    '11111111-1111-1111-1111-111111111111',
    'otp',
    '인증 코드 입력',
    '',
    1440,
    900,
    3
),
(
    '20000000-0000-0000-0000-000000000004',
    '11111111-1111-1111-1111-111111111111',
    'mypage',
    '마이페이지',
    '',
    1440,
    900,
    4
) ON CONFLICT (simulation_id, page_key) DO NOTHING;

INSERT INTO simulation_overview (
    simulation_id, conversion_rate, tested_agent_count, avg_completion_ms, success_event_count, updated_at
) VALUES (
    '11111111-1111-1111-1111-111111111111',
    28.00,
    1000,
    252000,
    280,
    '2026-04-30T09:16:00+09:00'
) ON CONFLICT (simulation_id) DO NOTHING;

INSERT INTO page_age_stats (
    id, page_id, age_band, success_rate, entered, passed, drop_off
) VALUES
('30000000-0000-0000-0000-000000000001','20000000-0000-0000-0000-000000000001','10대',96.00,50,48,2),
('30000000-0000-0000-0000-000000000002','20000000-0000-0000-0000-000000000001','20대',90.00,300,270,30),
('30000000-0000-0000-0000-000000000003','20000000-0000-0000-0000-000000000001','30대',86.00,250,215,35),
('30000000-0000-0000-0000-000000000004','20000000-0000-0000-0000-000000000001','40대',80.00,200,160,40),
('30000000-0000-0000-0000-000000000005','20000000-0000-0000-0000-000000000001','50대',75.00,100,75,25),
('30000000-0000-0000-0000-000000000006','20000000-0000-0000-0000-000000000001','60대',71.43,70,50,20),
('30000000-0000-0000-0000-000000000007','20000000-0000-0000-0000-000000000001','70대',40.00,25,10,15),
('30000000-0000-0000-0000-000000000008','20000000-0000-0000-0000-000000000001','80대',20.00,5,1,4),

('30000000-0000-0000-0000-000000000009','20000000-0000-0000-0000-000000000002','10대',93.75,48,45,3),
('30000000-0000-0000-0000-000000000010','20000000-0000-0000-0000-000000000002','20대',88.89,270,240,30),
('30000000-0000-0000-0000-000000000011','20000000-0000-0000-0000-000000000002','30대',79.07,215,170,45),
('30000000-0000-0000-0000-000000000012','20000000-0000-0000-0000-000000000002','40대',62.50,160,100,60),
('30000000-0000-0000-0000-000000000013','20000000-0000-0000-0000-000000000002','50대',53.33,75,40,35),
('30000000-0000-0000-0000-000000000014','20000000-0000-0000-0000-000000000002','60대',40.00,50,20,30),
('30000000-0000-0000-0000-000000000015','20000000-0000-0000-0000-000000000002','70대',30.00,10,3,7),
('30000000-0000-0000-0000-000000000016','20000000-0000-0000-0000-000000000002','80대',0.00,1,0,1),

('30000000-0000-0000-0000-000000000017','20000000-0000-0000-0000-000000000003','10대',95.56,45,43,2),
('30000000-0000-0000-0000-000000000018','20000000-0000-0000-0000-000000000003','20대',87.50,240,210,30),
('30000000-0000-0000-0000-000000000019','20000000-0000-0000-0000-000000000003','30대',76.47,170,130,40),
('30000000-0000-0000-0000-000000000020','20000000-0000-0000-0000-000000000003','40대',60.00,100,60,40),
('30000000-0000-0000-0000-000000000021','20000000-0000-0000-0000-000000000003','50대',55.00,40,22,18),
('30000000-0000-0000-0000-000000000022','20000000-0000-0000-0000-000000000003','60대',40.00,20,8,12),
('30000000-0000-0000-0000-000000000023','20000000-0000-0000-0000-000000000003','70대',33.33,3,1,2),
('30000000-0000-0000-0000-000000000024','20000000-0000-0000-0000-000000000003','80대',0.00,0,0,0),

('30000000-0000-0000-0000-000000000025','20000000-0000-0000-0000-000000000004','10대',100.00,43,40,3),
('30000000-0000-0000-0000-000000000026','20000000-0000-0000-0000-000000000004','20대',85.71,210,180,30),
('30000000-0000-0000-0000-000000000027','20000000-0000-0000-0000-000000000004','30대',76.92,130,100,30),
('30000000-0000-0000-0000-000000000028','20000000-0000-0000-0000-000000000004','40대',66.67,60,40,20),
('30000000-0000-0000-0000-000000000029','20000000-0000-0000-0000-000000000004','50대',54.55,22,12,10),
('30000000-0000-0000-0000-000000000030','20000000-0000-0000-0000-000000000004','60대',62.50,8,5,3),
('30000000-0000-0000-0000-000000000031','20000000-0000-0000-0000-000000000004','70대',0.00,1,0,1),
('30000000-0000-0000-0000-000000000032','20000000-0000-0000-0000-000000000004','80대',0.00,0,0,0)
ON CONFLICT (id) DO NOTHING;

INSERT INTO issues (
    id, simulation_id, page_id, tags, category, sub_category, severity, title, description, target_html, benefit_label, benefit_delta, created_at
) VALUES
(
    '40000000-0000-0000-0000-000000000001',
    '11111111-1111-1111-1111-111111111111',
    '20000000-0000-0000-0000-000000000002',
    '["contrast","wcag_aa"]'::jsonb,
    'Accessibility',
    'Contrast',
    'HIGH',
    '입력 레이블이 낮은 대비율',
    '흰색 배경 위 회색 텍스트로 인해 WCAG 2.1 AA 기준 대비율을 충족하지 못합니다.',
    '.login-form .label',
    '가독성 향상',
    '+18%',
    '2026-04-30T09:12:00+09:00'
),
(
    '40000000-0000-0000-0000-000000000002',
    '11111111-1111-1111-1111-111111111111',
    '20000000-0000-0000-0000-000000000002',
    '["keyboard","focus"]'::jsonb,
    'Accessibility',
    'Keyboard Navigation',
    'MEDIUM',
    '제출 버튼이 키보드로 접근 불가',
    '포커스 이동 순서에서 제출 버튼이 누락되어 키보드 사용자 진행이 차단됩니다.',
    'button[type=submit]',
    '전환율 개선',
    '+9%',
    '2026-04-30T09:12:30+09:00'
),
(
    '40000000-0000-0000-0000-000000000003',
    '11111111-1111-1111-1111-111111111111',
    '20000000-0000-0000-0000-000000000003',
    '["feedback","timeout"]'::jsonb,
    'Usability',
    'Error Feedback',
    'LOW',
    '오류 메시지 노출 시간이 짧음',
    '인증 실패 메시지가 너무 빨리 사라져 사용자가 재입력 원인을 파악하기 어렵습니다.',
    '.otp-error-message',
    '재시도 성공률 개선',
    '+4%',
    '2026-04-30T09:13:10+09:00'
),
(
    '40000000-0000-0000-0000-000000000004',
    '11111111-1111-1111-1111-111111111111',
    '20000000-0000-0000-0000-000000000001',
    '["image","alt"]'::jsonb,
    'Accessibility',
    'Alt Text',
    'HIGH',
    '배너 이미지 alt 텍스트 누락',
    '대표 배너 이미지에 대체 텍스트가 없어 스크린리더 사용자가 맥락을 잃습니다.',
    'img.hero-banner',
    '접근성 준수',
    '+11%',
    '2026-04-30T09:11:20+09:00'
),
(
    '40000000-0000-0000-0000-000000000005',
    '11111111-1111-1111-1111-111111111111',
    '20000000-0000-0000-0000-000000000004',
    '["mobile","tap-target"]'::jsonb,
    'Usability',
    'Touch Target',
    'MEDIUM',
    '모바일 터치 영역이 너무 작음',
    '마이페이지 상단 버튼의 터치 영역이 작아 고령 사용자 오입력이 발생합니다.',
    '.mypage-header .icon-button',
    '오입력 감소',
    '+7%',
    '2026-04-30T09:14:30+09:00'
) ON CONFLICT (id) DO NOTHING;

INSERT INTO issue_age_stats (
    issue_id, age_band, coord_x, coord_y, scroll_y, affected_users, affected_percent, block_rate, repeat_count,
    error_type, timeout_count, network_count, console_count
) VALUES
('40000000-0000-0000-0000-000000000001','all',0.4200,0.3100,120,142,14.20,34.00,2.80,'Console',1,0,8),
('40000000-0000-0000-0000-000000000001','50대',0.4200,0.3100,120,46,20.30,38.00,3.20,'Console',0,0,5),
('40000000-0000-0000-0000-000000000001','80대',0.4200,0.3100,120,31,31.00,52.00,4.10,'Console',0,0,6),

('40000000-0000-0000-0000-000000000002','all',0.6700,0.7800,680,180,18.00,62.00,4.50,'Timeout',6,1,0),
('40000000-0000-0000-0000-000000000002','50대',0.6700,0.7800,680,55,24.50,68.00,4.90,'Timeout',4,1,0),
('40000000-0000-0000-0000-000000000002','80대',0.6700,0.7800,680,39,39.00,81.00,5.80,'Timeout',5,0,0),

('40000000-0000-0000-0000-000000000003','all',0.5100,0.2200,340,156,15.60,22.00,1.70,'Network',0,5,0),
('40000000-0000-0000-0000-000000000003','50대',0.5100,0.2200,340,37,16.40,26.00,1.90,'Network',0,3,0),
('40000000-0000-0000-0000-000000000003','80대',0.5100,0.2200,340,28,28.00,34.00,2.10,'Network',0,4,0),

('40000000-0000-0000-0000-000000000004','all',0.2100,0.1800,40,120,12.00,10.00,1.10,'Console',0,0,3),
('40000000-0000-0000-0000-000000000005','all',0.8800,0.1200,20,94,9.40,29.00,2.60,'Timeout',2,0,0)
ON CONFLICT (issue_id, age_band) DO NOTHING;

INSERT INTO wcag_results (
    id, simulation_id, page_id, compliance_score, wcag_label, passed_tests, total_tests, found_issues, created_at
) VALUES
(
    '50000000-0000-0000-0000-000000000001',
    '11111111-1111-1111-1111-111111111111',
    '20000000-0000-0000-0000-000000000002',
    52,
    'AA',
    9,
    20,
    14,
    '2026-04-30T09:16:00+09:00'
) ON CONFLICT (id) DO NOTHING;

INSERT INTO wcag_issues (
    id, wcag_result_id, issue_no, title, severity, description
) VALUES
(
    '51000000-0000-0000-0000-000000000001',
    '50000000-0000-0000-0000-000000000001',
    1,
    '텍스트 대비율 미달',
    'Critical',
    '본문 및 보조 텍스트의 대비가 부족해 저시력 사용자가 내용을 인식하기 어렵습니다.'
),
(
    '51000000-0000-0000-0000-000000000002',
    '50000000-0000-0000-0000-000000000001',
    2,
    '폼 요소 레이블 누락',
    'Moderate',
    '일부 입력 필드에 시각적 레이블이 없거나 스크린리더 전용 라벨이 누락되어 있습니다.'
),
(
    '51000000-0000-0000-0000-000000000003',
    '50000000-0000-0000-0000-000000000001',
    3,
    '장식 이미지 대체 텍스트 정리 필요',
    'Minor',
    '장식성 이미지는 빈 alt 처리하거나 role="presentation" 으로 명시하는 것이 좋습니다.'
) ON CONFLICT (id) DO NOTHING;

INSERT INTO ai_fix_suggestions (
    id, simulation_id, page_id, issue_id, title, severity, before_code, after_code,
    impact_summary, change_summary_title, change_summary_body, impacted_users, created_at
) VALUES
(
    '60000000-0000-0000-0000-000000000001',
    '11111111-1111-1111-1111-111111111111',
    '20000000-0000-0000-0000-000000000002',
    '40000000-0000-0000-0000-000000000001',
    '입력 레이블 대비율 개선',
    'HIGH',
    '.login-form .label { color: #9CA3AF; font-size: 14px; }',
    '.login-form .label { color: #334155; font-size: 14px; font-weight: 500; }',
    '142명의 사용자가 입력 필드를 더 쉽게 식별할 수 있어 폼 완료율 개선이 기대됩니다.',
    '레이블 대비율 상향',
    '레이블 색상을 더 진하게 조정하고 글자 가중치를 높여 WCAG 대비 기준을 충족하도록 개선했습니다.',
    142,
    '2026-04-30T09:16:10+09:00'
),
(
    '60000000-0000-0000-0000-000000000002',
    '11111111-1111-1111-1111-111111111111',
    '20000000-0000-0000-0000-000000000002',
    '40000000-0000-0000-0000-000000000002',
    '제출 버튼 포커스 이동 복구',
    'MEDIUM',
    '<button type="submit" tabindex="-1">로그인</button>',
    '<button type="submit">로그인</button>',
    '키보드 사용자 180명이 제출 단계까지 정상적으로 이동할 수 있게 됩니다.',
    '포커스 접근성 복구',
    '비정상 tabindex 값을 제거해 기본 포커스 순서로 제출 버튼에 접근할 수 있도록 수정했습니다.',
    180,
    '2026-04-30T09:16:20+09:00'
),
(
    '60000000-0000-0000-0000-000000000003',
    '11111111-1111-1111-1111-111111111111',
    '20000000-0000-0000-0000-000000000003',
    '40000000-0000-0000-0000-000000000003',
    '오류 메시지 노출 시간 연장',
    'LOW',
    'setTimeout(() => hideError(), 1200);',
    'setTimeout(() => hideError(), 4000);',
    '인증 실패 원인을 더 오래 확인할 수 있어 재시도 성공률이 높아집니다.',
    '피드백 지속시간 확대',
    '오류 메시지 노출 시간을 늘려 사용자가 실패 원인을 인지하고 다음 행동을 결정할 시간을 확보했습니다.',
    156,
    '2026-04-30T09:16:30+09:00'
) ON CONFLICT (id) DO NOTHING;
